Be yourself; everyone else is already taken.|Oscar Wilde
So many books, so little time.|Frank Zappa
A room without books is like a body without a soul.|Marcus Tullius Cicero
You only live once, but if you do it right, once is enough.|Mae West
Be the change that you wish to see in the world.|Mahatma Gandhi
In three words I can sum up everything I've learned about life: it goes on.|Robert Frost
If you tell the truth, you don't have to remember anything.|Mark Twain
A friend is someone who knows all about you and still loves you.|Elbert Hubbard
Always forgive your enemies; nothing annoys them so much.|Oscar Wilde
To live is the rarest thing in the world. Most people exist, that is all.|Oscar Wilde
Live as if you were to die tomorrow. Learn as if you were to live forever.|Mahatma Gandhi
Without music, life would be a mistake.|Friedrich Nietzsche
We accept the love we think we deserve.|Stephen Chbosky
I am so clever that sometimes I don't understand a single word of what I am saying.|Oscar Wilde
It is better to be hated for what you are than to be loved for what you are not.|Andre Gide
It is our choices, Harry, that show what we truly are, far more than our abilities.|J.K. Rowling
It does not do to dwell on dreams and forget to live.|J.K. Rowling
Good friends, good books, and a sleepy conscience: this is the ideal life.|Mark Twain
As he read, I fell in love the way you fall asleep: slowly, and then all at once.|John Green
We are all in the gutter, but some of us are looking at the stars.|Oscar Wilde
The fool doth think he is wise, but the wise man knows himself to be a fool.|William Shakespeare
Life is what happens to us while we are making other plans.|Allen Saunders
I have not failed. I've just found 10,000 ways that won't work.|Thomas A. Edison
It is not a lack of love, but a lack of friendship that makes unhappy marriages.|Friedrich Nietzsche
The man who does not read has no advantage over the man who cannot read.|Mark Twain
If you don't stand for something you will fall for anything.|Gordon A. Eadie
I solemnly swear that I am up to no good.|J.K. Rowling
Outside of a dog, a book is man's best friend. Inside of a dog it's too dark to read.|Groucho Marx
Love all, trust a few, do wrong to none.|William Shakespeare
I like nonsense, it wakes up the brain cells. Fantasy is a necessary ingredient in living.|Dr. Seuss
A day without sunshine is like, you know, night.|Steve Martin
Never put off till tomorrow what may be done day after tomorrow just as well.|Mark Twain
,Kent M. Keith
That which does not kill us makes us stronger.|Friedrich Nietzsche
It is never too late to be what you might have been.|George Eliot
For every minute you are angry you lose sixty seconds of happiness.|Ralph Waldo Emerson
I love deadlines. I love the whooshing noise they make as they go by.|Douglas Adams
If you judge people, you have no time to love them.|Mother Teresa
If you can't explain it to a six year old, you don't understand it yourself.|Albert Einstein
There is no greater agony than bearing an untold story inside you.|Maya Angelou
I have always imagined that Paradise will be a kind of library.|Jorge Luis Borges
Everything you can imagine is real.|Pablo Picasso
Sometimes the questions are complicated and the answers are simple.|Dr. Seuss
Never trust anyone who has not brought a book with them.|Lemony Snicket
You love me. Real or not real?I tell him, Real.|Suzanne Collins
You can never get a cup of tea large enough or a book long enough to suit me.|C.S. Lewis
We read to know we're not alone.|William Nicholson
All you need is love. But a little chocolate now and then doesn't hurt.|Charles M. Schulz
Life isn't about finding yourself. Life is about creating yourself.|George Bernard Shaw
Today you are You, that is truer than true. There is no one alive who is Youer than You.|Dr. Seuss
To the well-organized mind, death is but the next great adventure.|J.K. Rowling
I'm not afraid of death; I just don't want to be there when it happens.|Woody Allen
Logic will get you from A to Z; imagination will get you everywhere.|Albert Einstein
Whenever I feel the need to exercise, I lie down until it goes away.|Paul   Terry
Sometimes people are beautiful.Not in looks.Not in what they say.Just in what they are.|Markus Zusak
Folks are usually about as happy as they make their minds up to be.|Abraham Lincoln
Do what you can, with what you have, where you are.|Theodore Roosevelt
There is no friend as loyal as a book.|Ernest Hemingway
One good thing about music, when it hits you, you feel no pain.|Bob Marley
Not all of us can do great things. But we can do small things with great love.|Mother Teresa
Love is like the wind, you can't see it but you can feel it.|Nicholas Sparks
It matters not what someone is born, but what they grow to be.|J.K. Rowling
Life is like riding a bicycle. To keep your balance, you must keep moving.|Albert Einstein
Some people never go crazy. What truly horrible lives they must lead.|Charles Bukowski
The difference between genius and stupidity is: genius has its limits.|Alexandre Dumas-fils
If you can make a woman laugh, you can make her do anything.|Marilyn Monroe
Some infinities are bigger than other infinities.|John Green
Do one thing every day that scares you.|Eleanor Roosevelt
Not all those who wander are lost.|J.R.R. Tolkien
Time you enjoy wasting is not wasted time.|Marthe Troly-Curtin
Reality continues to ruin my life.|Bill Watterson
Things change. And friends leave. Life doesn't stop for anybody.|Stephen Chbosky
The only way out of the labyrinth of suffering is to forgive.|John Green
He's like a drug for you, Bella.|Stephenie Meyer
The reason I talk to myself is because Iâ€™m the only one whose answers I accept.|George Carlin
Go to heaven for the climate and hell for the company.|Benjamin Franklin Wade
There is nothing to writing. All you do is sit down at a typewriter and bleed.|Ernest Hemingway
And, when you want something, all the universe conspires in helping you to achieve it.|Paulo Coelho
â€²Classicâ€² - a book which people praise and don't read.|Mark Twain
I love mankind ... it's people I can't stand!!|Charles M. Schulz
You donâ€™t forget the face of the person who was your last hope.|Suzanne Collins
I am free of all prejudice. I hate everyone equally. |W.C. Fields
I have never let my schooling interfere with my education.|Mark Twain
The books that the world calls immoral are books that show the world its own shame.|Oscar Wilde
The marks humans leave are too often scars.|John Green
To die will be an awfully big adventure.|J.M. Barrie
Anyone who has never made a mistake has never tried anything new.|Albert Einstein
Some day you will be old enough to start reading fairy tales again.|C.S. Lewis
We are what we pretend to be, so we must be careful about what we pretend to be.|Kurt Vonnegut
It takes courage to grow up and become who you really are.|E.E. Cummings
Itâ€™s no use going back to yesterday, because I was a different person then.|Lewis Carroll
And in that moment, I swear we were infinite.|Stephen Chbosky
Books are a uniquely portable magic.|Stephen King
But better to get hurt by the truth than comforted with a lie.|Khaled Hosseini
There is nothing better than a friend, unless it is a friend with chocolate.|Linda Grayson
The truth is rarely pure and never simple.|Oscar Wilde
... a mind needs books as a sword needs a whetstone, if it is to keep its edge.|George R.R. Martin
Memories warm you up from the inside. But they also tear you apart.|Haruki Murakami
A lie can travel half way around the world while the truth is putting on its shoes.|Mark Twain
Never tell the truth to people who are not worthy of it.|Mark Twain
Be nice to nerds. You may end up working for them. We all could.|Charles J. Sykes
Tis better to have loved and lostThan never to have loved at all.|Alfred Lord Tennyson
Knowing yourself is the beginning of all wisdom.|Aristotle
Only the very weak-minded refuse to be influenced by literature and poetry.|Cassandra Clare
It's the possibility of having a dream come true that makes life interesting.|Paulo Coelho
Happiness in intelligent people is the rarest thing I know.|Ernest Hemingway
A day without laughter is a day wasted.|Nicolas Chamfort
A person's a person, no matter how small.|Dr. Seuss
The only true wisdom is in knowing you know nothing.|Socrates
Perhaps one did not want to be loved so much as to be understood.|George Orwell
I became insane, with long intervals of horrible sanity.|Edgar Allan Poe
Oh, I wouldn't mind, Hazel Grace. It would be a privilege to have my heart broken by you.|John Green
Numbing the pain for a while will make it worse when you finally feel it.|J.K. Rowling
You can never be overdressed or overeducated.|Oscar Wilde
Just because you have the emotional range of a teaspoon doesn't mean we all have.|J.K. Rowling
The one you love and the one who loves you are never, ever the same person.|Chuck Palahniuk
Be careful about reading health books. Some fine day you'll die of a misprint.|Markus Herz
An eye for an eye will only make the whole world blind.|Mahatma Gandhi
If you're gonna be two-faced at least make one of them pretty.|Marilyn Monroe
Until I feared I would lose it, I never loved to read. One does not love breathing.|Harper Lee
I would rather walk with a friend in the dark, than alone in the light.|Helen Keller
Music expresses that which cannot be put into words and that which cannot remain silent|Victor hugo
The truth will set you free, but first it will piss you off.|Joe Klaas
Creativity is knowing how to hide your sources|C.E.M. Joad
I wish I could freeze this moment, right here, right now and live in it forever.|Suzanne Collins
Life is an awful, ugly place to not have a best friend.|Sarah Dessen
Happiness is when what you think, what you say, and what you do are in harmony.|Mahatma Gandhi
Well-behaved women seldom make history.|Laurel Thatcher Ulrich
We're all human, aren't we? Every human life is worth the same, and worth saving.|J.K. Rowling
With great power... comes great need to take a nap. Wake me up later.|Rick Riordan
One is loved because one is loved. No reason is needed for loving.|Paulo Coelho
Everyone thinks of changing the world, but no one thinks of changing himself.|Leo Tolstoy
It's the friends you can call up at 4 a.m. that matter.|Marlene Dietrich
So we beat on, boats against the current, borne back ceaselessly into the past.|F. Scott Fitzgerald
It's far better to be unhappy alone than unhappy with someone â€” so far.|Marilyn Monroe
I am not pretty. I am not beautiful. I am as radiant as the sun.|Suzanne Collins
If you don't know where you're going, any road'll take you there|George Harrison
Nothing is impossible, the word itself says 'I'm possible'!|Audrey Hepburn
There is only one thing that makes a dream impossible to achieve: the fear of failure.|Paulo Coelho
We love the things we love for what they are.|Robert Frost
It takes ten times as long to put yourself back together as it does to fall apart.|Suzanne Collins
I would die for you. But I won't live for you.|Stephen Chbosky
This lifeâ€™s hard, but itâ€™s harder if youâ€™re stupid.|George V. Higgins
I refuse to answer that question on the grounds that I don't know the answer|Douglas Adams
What a treacherous thing to believe that a person is more than a person.|John Green
Never love anyone who treats you like you're ordinary.|Oscar Wilde
So, I love you because the entire universe conspired to help me find you.|Paulo Coelho
Wit beyond measure is manâ€™s greatest treasure.|J.K. Rowling
Death ends a life, not a relationship.|Mitch Albom
Happiness is not something ready made. It comes from your own actions.|Dalai Lama XIV
Count your age by friends, not years. Count your life by smiles, not tears.|John Lennon
We are only as strong as we are united, as weak as we are divided.|J.K. Rowling
Hold fast to dreams,For if dreams dieLife is a broken-winged bird,That cannot fly.|Langston Hughes
Never memorize something that you can look up.|Albert Einstein
Indifference and neglect often do much more damage than outright dislike.|J.K. Rowling
The weak can never forgive. Forgiveness is the attribute of the strong.|Mahatma Gandhi
All that we see or seem is but a dream within a dream.|Edgar Allan Poe
Peace begins with a smile..|Mother Teresa
All we have to decide is what to do with the time that is given us.|J.R.R. Tolkien
I like the night. Without the dark, we'd never see the stars.|Stephenie Meyer
The only thing worse than a boy who hates you: a boy that loves you.|Markus Zusak
You talk when you cease to be at peace with your thoughts.|Kahlil Gibran
You are, and always have been, my dream.|Nicholas Sparks
He can run faster than Severus Snape confronted with shampoo.|J.K. Rowling
Don't think or judge, just listen.|Sarah Dessen
You cannot find peace by avoiding life.|Michael Cunningham
I would always rather be happy than dignified.|Charlotte BrontÃ«
Grief does not change you, Hazel. It reveals you.|John Green
Facts do not cease to exist because they are ignored.|Aldous Huxley
Happy Hunger Games! And may the odds be ever in your favor.|Suzanne Collins
Those who believe in telekinetics, raise my hand.|Kurt Vonnegut
Whatever you are, be a good one.|Abraham Lincoln
A good friend will always stab you in the front.|Oscar Wilde
There's a fine line between genius and insanity. I have erased this line.|Oscar Levant
Be kind, for everyone you meet is fighting a harder battle.|Plato
Sleep is good, he said, and books are better.|George R. R. Martin
Where there is love there is life.|Mahatma Gandhi
May you live every day of your life.|Jonathan Swift
Two wrongs don't make a right, but they make a good excuse.|Thomas Szasz
Women are meant to be loved, not to be understood.|Oscar Wilde
Who controls the past controls the future. Who controls the present controls the past.|George Orwell
Man is the only creature who refuses to be what he is.|Albert Camus
We write to taste life twice, in the moment and in retrospect.|Anais Nin
I don't want to go to heaven. None of my friends are there.|Oscar Wilde
I have hated words and I have loved them, and I hope I have made them right.|Markus Zusak
I love sleep. My life has the tendency to fall apart when I'm awake, you know?|Ernest Hemingway
A clever person solves a problem. A wise person avoids it.|Albert Einstein
Nobody has ever measured, not even poets, how much the heart can hold.|Zelda Fitzgerald
It's only after we've lost everything that we're free to do anything.|Chuck Palahniuk
Get busy living or get busy dying.|Stephen King
If my life is going to mean anything, I have to live it myself.|Rick Riordan
You educate a man; you educate a man. You educate a woman; you educate a generation.|Brigham Young
When someone shows you who they are believe them the first time.|Maya Angelou
Chance is perhaps the pseudonym of God when he does not want to sign.|ThÃ©ophile Gautier
We loved with a love that was more than love.|Edgar Allen Poe
All the world is made of faith, and trust, and pixie dust.|J.M. Barrie
It is sometimes an appropriate response to reality to go insane.|Philip K. Dick
The fault, dear Brutus, is not in our stars, but in ourselves.|William Shakespeare
This is a good sign, having a broken heart. It means we have tried for something.|Elizabeth Gilbert
Isn't it nice to think that tomorrow is a new day with no mistakes in it yet?|L.M. Montgomery
Anyone who lives within their means suffers from a lack of imagination.|Oscar Wilde
Let us read, and let us dance; these two amusements will never do any harm to the world.|Voltaire
Unless someone like you cares a whole awful lot,Nothing is going to get better. It's not.|Dr. Seuss
Life is a book and there are a thousand pages I have not yet read.|Cassandra Clare
Tell me, what is it you plan to do with your one wild and precious life?|Mary Oliver
The planet is fine. The people are fucked.|George Carlin
Never laugh at live dragons.|J.R.R. Tolkien
It is the unknown we fear when we look upon death and darkness, nothing more.|J.K. Rowling
It is the mark of an educated mind to be able to entertain a thought without accepting it.|Aristotle
Hereâ€™s to books, the cheapest vacation you can buy.|Charlaine Harris
Eating and reading are two pleasures that combine admirably.|C.S. Lewis
If you expect nothing from somebody you are never disappointed.|Sylvia Plath
Reading is one form of escape. Running for your life is another.|Lemony Snicket
Every saint has a past, and every sinner has a future.|Oscar Wilde
The secret of life, though, is to fall seven times and to get up eight times.|Paulo Coelho
Any fool can know. The point is to understand.|Albert Einstein
Reality is merely an illusion, albeit a very persistent one.|Albert Einstein
I took a deep breath and listened to the old brag of my heart. I am, I am, I am.|Sylvia Plath
The world is a book and those who do not travel read only one page.|St. Augustine
There are no good girls gone wrong - just bad girls found out.|Mae West
Never go to bed mad. Stay up and fight.|Phyllis Diller
If we knew what it was we were doing, it would not be called research, would it?|Albert Einstein
One day I will find the right words, and they will be simple.|Jack Kerouac
Life can only be understood backwards; but it must be lived forwards.|SÃ¸ren Kierkegaard
Faithless is he that says farewell when the road darkens.|J.R.R. Tolkien
Pain is inevitable. Suffering is optional.|haruki murakami
I am not young enough to know everything.|Oscar Wilde
I have no special talents. I am only passionately curious.|Albert Einstein
I like work: it fascinates me. I can sit and look at it for hours.|Jerome K. Jerome
Don't be pushed around by the fears in your mind. Be led by the dreams in your heart.|Roy T. Bennett
Sarcasm is the last refuge of the imaginatively bankrupt.|Cassandra Clare
I have decided to stick to love...Hate is too great a burden to bear.|Martin Luther King Jr
Always do what you are afraid to do.|Ralph Waldo Emerson
What's meant to be will always find a way|Trisha Yearwood
Make it a rule never to give a child a book you would not read yourself.|George Bernard Shaw
In a time of deceit telling the truth is a revolutionary act.|George Orwell
Our lives begin to end the day we become silent about things that matter.|Martin Luther King Jr
The mind is its own place, and in itself can make a heaven of hell, a hell of heaven..|John Milton
Experience is merely the name men gave to their mistakes.|Oscar Wilde
The flower that blooms in adversity is the rarest and most beautiful of all.|Walt Disney Company
Give a girl the right shoes, and she can conquer the world.|Bette Midler
A thing is not necessarily true because a man dies for it.|Oscar Wilde
Somewhere, something incredible is waiting to be known.|Carl Sagan
Hearts are made to be broken.|Oscar Wilde
Once you learn to read, you will be forever free.|Frederick Douglass
Faith is taking the first step even when you can't see the whole staircase.|Martin Luther King Jr
Think of all the beauty still left around you and be happy.|Anne Frank
Whether you think you can, or you think you can't--you're right.|Henry Ford
There is nothing either good or bad, but thinking makes it so.|William Shakespear
Fantasy is hardly an escape from reality. It's a way of understanding it.|Lloyd Alexander
Two people in love, alone, isolated from the world, that's beautiful.|Milan Kundera
I did not attend his funeral, but I sent a nice letter saying I approved of it.|Mark Twain
Where is human nature so weak as in the bookstore?|Henry Ward Beecherr
All happy families are alike; each unhappy family is unhappy in its own way.|Leo Tolstoy  
Think before you speak. Read before you think.|Fran Lebowitz
I cannot live without books.|Thomas Jefferson
I have loved the stars too fondly to be fearful of the night.|Sarah   Williams
God created war so that Americans would learn geography.|Mark Twain
Hell is empty and all the devils are here.|William Shakespeare
The wound is the place where the Light enters you.|Rumi
I can't imagine a man really enjoying a book and reading it only once.|C.S. Lewis
What is a friend? A single soul dwelling in two bodies.|Aristotle
For the two of us, home isn't a place. It is a person. And we are finally home.|Stephanie Perkins
For you, a thousand times over|Khaled Hosseini
Accept who you are. Unless you're a serial killer.|Ellen DeGeneres
The most courageous act is still to think for yourself. Aloud.|Coco Chanel
Never let your sense of morals prevent you from doing what is right.|Isaac Asimov
I generally avoid temptation unless I can't resist it.|Mae West
Love is so short, forgetting is so long.|Pablo Neruda
Books are mirrors: you only see in them what you already have inside you.|Carlos Ruiz ZafÃ³n
Not my daughter, you bitch!|J.K. Rowling
You never have to change anything you got up in the middle of the night to write.|Saul Bellow
All little girls should be told they are pretty, even if they aren't.|Marilyn Monroe
Good books don't give up all their secrets at once.|Stephen King
It's not true that I had nothing on. I had the radio on.|Marilyn Monroe
The very essence of romance is uncertainty.|Oscar Wilde
The unexamined life is not worth living.|Socrates
It is not in the stars to hold our destiny but in ourselves.|William Shakespeare
Everything in the world is about sex except sex. Sex is about power.|Oscar Wilde
Either write something worth reading or do something worth writing.|Benjamin Franklin
If you remember me, then I don't care if everyone else forgets.|Haruki Murakami
You said you were going for a walk!? What kind of walk takes six hours?A long one?|Cassandra Clare
Try not to become a man of success. Rather become a man of value.|Albert Einstein
Happiness is a warm puppy.|Charles M. Schulz
Books may well be the only true magic.|Alice Hoffman
I was gratified to be able to answer promptly, and I did. I said I didnâ€™t know.|Mark Twain
Never allow someone to be your priority while allowing yourself to be their option.|Mark Twain
Turn your wounds into wisdom.|Oprah Winfrey
Nobody realizes that some people expend tremendous energy merely to be normal.|Albert Camus
Don't ever tell anybody anything. If you do, you start missing everybody.|J. D. Salinger
We are all different. Donâ€™t judge, understand instead.|Roy T. Bennett
Many people, myself among them, feel better at the mere sight of a book.|Jane Smiley
I don't know the question, but sex is definitely the answer.|Woody Allen
Be mindful. Be grateful. Be positive. Be true. Be kind.|Roy T. Bennett
Above all, be the heroine of your life, not the victim.|Nora Ephron
All animals are equal, but some animals are more equal than others.|George Orwell
Why fit in when you were born to stand out?|Dr. Seuss
Kiss me, and you will see how important I am.|Sylvia Plath
War is peace. Freedom is slavery. Ignorance is strength.|George Orwell
There are worse crimes than burning books. One of them is not reading them.|Joseph Brodsky
That's the thing about books. They let you travel without moving your feet.|Jhumpa Lahiri
Whatever it is you're seeking won't come in the form you're expecting.|Haruki Marukami
You must stay drunk on writing so reality cannot destroy you.|Ray Bradbury
I have great faith in fools - self-confidence my friends will call it.|Edgar Allan Poe
You must have chaos within you to give birth to a dancing star.|Friedrich Nietzsche
I don't go looking for trouble. Trouble usually finds me.|Katie McGarry
They love their hair because they're not smart enough to love something more interesting.|John Green
Beneath the makeup and behind the smile I am just a girl who wishes for the world.|Marilyn Monroe
As usual, there is a great woman behind every idiot.|John Lennon
What happens when people open their hearts?They get better.|Haruki Murakami
Man may have discovered fire, but women discovered how to play with it.|Candace Bushnell
Education is the most powerful weapon which you can use to change the world.|Nelson Mandela
Being crazy isn't enough.|Dr. Seuss
One day, in retrospect, the years of struggle will strike you as the most beautiful.|Sigmund Freud
If you have a garden and a library, you have everything you need.|Cicero
Life is pain, highness. Anyone who says differently is selling something.|William Goldman
If you are going through hell, keep going.|Winston S. Churchill
Should I kill myself, or have a cup of coffee?|Albert Camus
I lie to myself all the time. But I never believe me.|S.E. Hinton
Time flies like an arrow; fruit flies like a banana.|Anthony G. Oettinger
Books are like mirrors: if a fool looks in, you cannot expect a genius to look out.|J.K. Rowling
Nothing of me is original. I am the combined effort of everyone I've ever known.|Chuck Palahniuk
I think God, in creating man, somewhat overestimated his ability.|Oscar Wilde
Stories of imagination tend to upset those without one.|Terry Pratchett
A girl should be two things: classy and fabulous.|Coco Chanel
When a man gives his opinion, he's a man. When a woman gives her opinion, she's a bitch.|Bette Davis
Every child is an artist. The problem is how to remain an artist once he grows up.|Pablo Picasso
Deadlines just aren't real to me until I'm staring one in the face.|Rick Riordan
The future belongs to those who believe in the beauty of their dreams.|Eleanor Roosevelt
You cannot swim for new horizons until you have courage to lose sight of the shore.|William Faulkner
And, in the endThe love you takeis equal to the love you make.|Paul McCartney
It was love at first sight, at last sight, at ever and ever sight.|Vladimir Nabokov
Resist much, obey little.|Walt Whitman
Loyalty to country ALWAYS. Loyalty to government, when it deserves it.|Mark Twain
My tastes are simple: I am easily satisfied with the best.|Winston S. Churchill
I don't want to die without any scars.|Chuck Palahniuk
Show me a hero, and I'll write you a tragedy.|F. Scott Fitzgerald
Angry people are not always wise.|Jane Austen
She is too fond of books, and it has turned her brain.|Louisa May Alcott
Will looked horrified. What kind of monster could possibly hate chocolate?|Cassandra Clare
No medicine cures what happiness cannot.|Gabriel GarcÃ­a MÃ¡rquez
I am a badass, and I recognize that you, too, are a badass.|Cassandra Clare
Fiction is the truth inside the lie.|Stephen King
The town was paper, but the memories were not.|John Green
My nightmares are usually about losing you. I'm okay once I realize you're here.|Suzanne Collins
And now these three remain: faith, hope and love. But the greatest of these is love.|Anonymous
Don't tell me the moon is shining; show me the glint of light on broken glass.|Anton Chekhov
The road to hell is paved with adverbs.|Stephen King
Wow, Thalia muttered. Apollo is hot. He's the sun god, I said.That's not what I meant.|Rick Riordan
Fear doesn't shut you down; it wakes you up|Veronica Roth
Maybe 'okay' will be our 'always|John Green
Freedom is not worth having if it does not include the freedom to make mistakes.|Mahatma Gandhi
Life's under no obligation to give us what we expect.|Margaret Mitchell
Happiness is having a large, loving, caring, close-knit family in another city.|George Burns
Nobody can hurt me without my permission.|Mahatma Gandhi
Don't judge each day by the harvest you reap but by the seeds that you plant.|Robert Louis Stevenson
Fire is catching! And if we burn, you burn with us!|Suzanne Collins
But I know, somehow, that only when it is dark enough can you see the stars.|Martin Luther King, Jr
I was never really insane except upon occasions when my heart was touched.|Edgar Allan Poe
What you seek is seeking you.|Mawlana Jalal-al-Din Rumi
It's not denial. I'm just selective about the reality I accept.|Bill Watterson
Wrinkles should merely indicate where the smiles have been.|Mark Twain
Words are, of course, the most powerful drug used by mankind.|Rudyard Kipling
The truth does not change according to our ability to stomach it.|Flannery O'Connor
Books are the mirrors of the soul.|Virginia Woolf
If you look for perfection, you'll never be content.|Leo Tolstoy
It kills me sometimes, how people die.|Markus Zusak
Blessed is he who expects nothing, for he shall never be disappointed.|Alexander Pope
There is nothing in the world so irresistibly contagious as laughter and good humor.|Charles Dickens
None but ourselves can free our minds.|Bob Marley
I did then what I knew how to do. Now that I know better, I do better.|Maya Angelou
Unbeing dead isn't being alive.|E. E. Cummings
Never say goodbye because goodbye means going away and going away means forgetting.|J.M. Barrie
Fear cuts deeper than swords.|George R.R. Martin
Why, sometimes I've believed as many as six impossible things before breakfast.|Lewis Carroll
People haven't always been there for me but music always has.|Taylor Swift
War is what happens when language fails.|Margaret Atwood
I will not say: do not weep; for not all tears are an evil.|J.R.R. Tolkien
Let no man pull you so low as to hate him.|Martin Luther King Jr
To go wrong in one's own way is better than to go right in someone else's.|Fyodor Dostoevsky
Let us step into the night and pursue that flighty temptress, adventure.|J.K. Rowling
All grown-ups were once children... but only few of them remember it.|Antoine de Saint-ExupÃ©ry
God has no religion.|Mahatma Gandhi
I don't want to repeat my innocence. I want the pleasure of losing it again.|F. Scott Fitzgerald
Trust yourself. You know more than you think you do.|Benjamin Spock
It is amazing how complete is the delusion that beauty is goodness.|Leo Tolstoy
Do what is right, not what is easy nor what is popular.|Roy T. Bennett
Without deviation from the norm, progress is not possible.|Frank Zappa
Fear of a name increases fear of the thing itself.|J.K. rowling
It is better to fail in originality than to succeed in imitation.|Herman Melville
When life gives you lemons, squirt someone in the eye.|Cathy Guiswite
When love is not madness it is not love.|Pedro Calderon de la Barca
People say nothing is impossible, but I do nothing every day.|A.A. Milne
A brave man acknowledges the strength of others.|Veronica Roth
Women who seek to be equal with men lack ambition.|Timothy Leary
If you go home with somebody, and they don't have books, don't fuck 'em!|John Waters
Some people have lives; some people have music.|John Green
The journey of a thousand miles begins with a single step.|Lao Tzu
What you must understand about me is that Iâ€™m a deeply unhappy person.|John Green
Tell the truth, or someone will tell it for you.|Stephanie Klein
Rather than love, than money, than fame, give me truth.|Henry David Thoreau
No person is your friend who demands your silence, or denies your right to grow.|Alice Walker
We live for books.|Umberto Eco
Life becomes easier and more beautiful when we can see the good in other people.|Roy T. Bennett
God will not look you over for medals, degrees or diplomas but for scars.|Elbert Hubbard
Art is the lie that enables us to realize the truth.|Pablo Picasso
I suppose I'll have to add the force of gravity to my list of enemies.|Lemony Snicket
Only a true best friend can protect you from your immortal enemies.|Richelle Mead
The only way to find true happiness is to risk being completely cut open.|Chuck Palahniuk
The best way to find out if you can trust somebody is to trust them.|Ernest Hemingway
Some cause happiness wherever they go; others whenever they go.|Oscar Wilde (attributed to)
Some old wounds never truly heal, and bleed again at the slightest word.|George R.R. Martin
Declarations of love amuse me. Especially when unrequited.|Cassandra Clare
Donâ€™t grieve. Anything you lose comes round in another form.|Rumi
True love is rare, and it's the only thing that gives life real meaning.|Nicholas Sparks
I love you more than there are stars in the sky and fish in the sea.|Nicholas Sparks
A woman's heart should be so hidden in God that a man has to seek Him just to find her.|Max Lucado
In heaven, all the interesting people are missing.|Friedrich Nietzsche
The scariest moment is always just before you start.|Stephen King
It's kind of fun to do the impossible.|Walt Disney
We know what we are, but not what we may be.|William Shakespeare
Follow your inner moonlight; don't hide the madness.|Allen Ginsberg
Pain is temporary. Quitting lasts forever.|Lance Armstrong Sally Jenkins
To define is to limit.|Oscar Wilde
Worry does not empty tomorrow of its sorrow, it empties today of its strength.|Corrie Ten Boom
I love you. Remember. They cannot take it|Lauren Oliver
You pierce my soul. I am half agony, half hope...I have loved none but you.|Jane Austen
It's not the load that breaks you down, it's the way you carry it.|Lou Holtz
Nothing is so painful to the human mind as a great and sudden change.|Mary Wollstonecraft Shelley
He who has a why to live for can bear almost any how.|Friedrich Nietzsche
Reading one book is like eating one potato chip.|Diane Duane
A woman has to live her life, or live to repent not having lived it.|D.H. Lawrence
Cinderella? Snow White? What's that? An illness?|J.K. Rowling
There's plenty of sense in nonsense sometimes, if you wish to look for it.|Cassandra Clare
Do I not destroy my enemies when I make them my friends?|Abraham Lincoln
Even the darkest night will end and the sun will rise.|Victor Hugo
You never fail until you stop trying.|Albert Einstein
You'll stay with me?'Until the very end,' said James.|J. K. Rowling
I read a book one day and my whole life was changed.|Orhan Pamuk
but for my own part, if a book is well written, I always find it too short.|Jane Austen
The most wasted of all days is one without laughter.|Nicolas Chamfort
Books are for people who wish they were somewhere else.|Mark Twain
All the darkness in the world cannot extinguish the light of a single candle.|St. Francis Of Assisi
Writing is a socially acceptable form of schizophrenia.|E.L. Doctorow
Poets have been mysteriously silent on the subject of cheese.|G.K. Chesterton
Laters, baby.|E.L. James
Love is an irresistible desire to be irresistibly desired.|Robert Frost
The more I see, the less I know for sure.|John Lennon
There is no real ending. Itâ€™s just the place where you stop the story.|Frank Herbert
There are no facts, only interpretations.|Friedrich Nietzsche
What is hell? I maintain that it is the suffering of being unable to love.|Fyodor Dostoevsky
If I can stop one heart from breaking, I shall not live in vain.|Emily Dickinson
What would men be without women? Scarce, sir...mighty scarce.|Mark Twain
Youâ€™ve got about as much charm as a dead slug.|Suzanne Collins
It's enough for me to be sure that you and I exist at this moment.|Gabriel GarcÃ­a MÃ¡rquez
Start writing, no matter what. The water does not flow until the faucet is turned on.|Louis L'Amour
Walk as if you are kissing the Earth with your feet.|Thich Nhat Hanh
Pursue what catches your heart, not what catches your eyes.|Roy T. Bennett
Basically, I have two speeds.... Hostile or smart-aleck. Your choice.|James Patterson
Make improvements, not excuses. Seek respect, not attention.|Roy T. Bennett
No. I can survive well enough on my ownâ€” if given the proper reading material.|Sarah J. Maas
All endings are also beginnings. We just don't know it at the time.|Mitch Albom
Don't Panic.|Douglas Adams
Live to the point of tears.|Albert Camus
When you stop expecting people to be perfect, you can like them for who they are.|Donald Miller
When the power of love overcomes the love of power, the world will know peace.|Jimi Hendrix
Remember that wherever your heart is, there you will find your treasure.|Paulo Coelho
Find what you love and let it kill you.|Charles Bukowski
Life is to be enjoyed, not endured|Gordon B. Hinckley
Let everything happen to youBeauty and terrorJust keep goingNo feeling is final|Rainer Maria Rilke
Learn what is to be taken seriously and laugh at the rest.|Herman Hesse
A classic is a book that has never finished saying what it has to say.|Italo Calvino
I go to seek a Great Perhaps.|FranÃ§ois Rabelais
What are men to rocks and mountains?|Jane Austen
You can't be happy unless you're unhappy sometimes.|Lauren Oliver
If you obey all of the rules, you miss all of the fun.|Katharine Hepburn
Dwell on the beauty of life. Watch the stars, and see yourself running with them.|Marcus Aurelius
If no one in the entire world cared about you, did you really exist at all?|Cassandra Clare
How vain it is to sit down to write when you have not stood up to live.|Henry David Thoreau
History will be kind to me for I intend to write it.|Winston S. Churchill
Hate the sin, love the sinner.|Mahatma Gandhi
Judge a man by his questions rather than by his answers.|Voltaire
I lived in books more than I lived anywhere else.|Neil Gaiman
Holey? You have the the whole world of ear-related humor before you, you go for holey?|J.K. Rowling
Sanity and happiness are an impossible combination.|Mark Twain
The reason it hurts so much to separate is because our souls are connected.|Nicholas Sparks
You are imperfect, permanently and inevitably flawed. And you are beautiful.|Amy Bloom
Great spirits have always encountered violent opposition from mediocre minds.|Albert Einstein
He's a wallflower. You see things. You keep quiet about them. And you understand.|Stephen Chbosky
The silence depressed me. It wasn't the silence of silence. It was my own silence.|Sylvia Plath
Many people lose the small joys in the hope for the big happiness.|Pearl S. Buck
Usually I'm remarkably good natured. Try me on a day that doesn't end in y.|Cassandra Clare
And so it goes...|Kurt Vonnegut
Nowadays people know the price of everything and the value of nothing.|Oscar Wilde
I dream my painting and I paint my dream.|Vincent Willem van Gogh
Forever is composed of nows.|Emily Dickinson
This is your life and its ending one moment at a time.|Chuck Palahniuk
Start each day with a positive thought and a grateful heart.|Roy T. Bennett
Never close your lips to those whom you have already opened your heart.|Charles Dickens
One love, one heart, one destiny.|Robert Marley
The greater the love, the greater the tragedy when it's over.|Nicholas Sparks
I will not let anyone walk through my mind with their dirty feet.|mahatma gandhi
What you do, the way you think, makes you beautiful.|Scott Westerfeld
I, myself, am made entirely of flaws, stitched together with good intentions.|Augusten Burroughs
Reality is that which, when you stop believing in it, doesn't go away.|Philip K. Dick
We have to continually be jumping off cliffs and developing our wings on the way down.|Kurt Vonnegut
Do your thing and don't care if they like it.|Tina Fey
Why are women... so much more interesting to men than men are to women?|Virginia Woolf
I do things like get in a taxi and say, The library, and step on it.|David Foster Wallace
A book must be the axe for the frozen sea within us.|Franz Kafka
Solitude is fine but you need someone to tell that solitude is fine.|HonorÃ© de Balzac
If you're lonely when you're alone, you're in bad company.|Jean-Paul Sartre
Today a reader, tomorrow a leader.|Margaret Fuller
One cannot think well, love well, sleep well, if one has not dined well.|Virginia Woolf
But a mermaid has no tears, and therefore she suffers so much more.|Hans Christian Andersen
Follow your heart, listen to your inner voice, stop caring about what others think.|Roy T. Bennett
Fighting for peace is like screwing for virginity.|George Carlin
Have enough courage to trust love one more time and always one more time.|Maya Angelou
I wantTo do with you what spring does with the cherry trees.|Pablo Neruda
You is kind. You is smart. You is important.|Kathryn Stockett
If you are irritated by every rub, how will your mirror be polished?|Rumi
After silence, that which comes nearest to expressing the inexpressible is music.|Aldous Huxley
Don't be satisfied with stories, how things have gone with others. Unfold your own myth.|Rumi
You don't remember what happened. What you remember becomes what happened.|John Green
The world was hers for the reading.|Betty Smith
The first draft of anything is shit.|Ernest Hemingway
As if you were on fire from within.The moon lives in the lining of your skin.|Pablo Neruda
The measure of intelligence is the ability to change.|Albert Einstein
I'm quite illiterate, but I read a lot. |J.D. Salinger
We waste time looking for the perfect lover, instead of creating the perfect love.|Tom Robbins
Time is a drug. Too much of it kills you.|Terry Pratchett
Maybe everâ€™body in the whole damn world is scared of each other.|John Steinbeck
If a book about failures doesn't sell, is it a success?|Jerry Seinfeld
You were born with wings, why prefer to crawl through life?|Rumi
Wherever you go becomes a part of you somehow.|Anita Desai
When you do things from your soul, you feel a river moving in you, a joy.|Rumi
How did it get so late so soon?|Dr. Seuss
I can resist anything except temptation.|Oscar Wilde
Atticus told me to delete the adjectives and I'd have the facts.|Harper Lee
Life shrinks or expands in proportion to one's courage.|Anais Nin
Even death has a heart.|Markus Zusak
You speak an infinite deal of nothing.|William Shakespeare
A cynic is a man who knows the price of everything, and the value of nothing.|Oscar Wilde
Gravitation is not responsible for people falling in love.|Albert Einstein
But in the end one needs more courage to live than to kill himself.|Albert Camus
The moment you doubt whether you can fly, you cease for ever to be able to do it.|J. M. Barrie
Say 'provoking' again. Your mouth looks provocative when you do.|Becca Fitzpatrick
There are three types of lies -- lies, damn lies, and statistics.|Benjamin Disraeli
Words are easy, like the wind; Faithful friends are hard to find.|William Shakespeare
I dream. Sometimes I think that's the only right thing to do.|Haruki Murakami
I could easily forgive his pride, if he had not mortified mine.|Jane Austen
You will do foolish things, but do them with enthusiasm.|Colette
People say that life is the thing, but I prefer reading.|Logan Pearsall Smith
Never be afraid to trust an unknown future to a known God.|Corrie ten Boom
I love you like a fat kid loves cake!|Scott Adams
Tonight I can write the saddest linesI loved her, and sometimes she loved me too.|Pablo Neruda
I will have you without armor, Kaz Brekker. Or I will not have you at all.|Leigh Bardugo
You might be poor, your shoes might be broken, but your mind is a palace.|Frank McCourt
It is not that I'm so smart. But I stay with the questions much longer.|Albert Einstein
I am a cage, in search of a bird.|Franz Kafka
To say goodbye is to die a little.|Raymond Chandler
Don't feel bad, I'm usually about to die.|Rick Riordan
The best books... are those that tell you what you know already.|George Orwell
There are years that ask questions and years that answer.|Zora Neale Hurston
When I discover who I am, Iâ€™ll be free.|Ralph Ellison
You here to finish me off, Sweetheart?|Suzanne Collins
Look after my heart - I've left it with you.|Stephenie Meyer
If you ever find yourself in the wrong story, leave.|Mo Willems
I can shake off everything as I write; my sorrows disappear, my courage is reborn.|Anne Frank
Success is getting what you want, happiness is wanting what you get|W. P. Kinsella
If you do not tell the truth about yourself you cannot tell it about other people.|Virginia Woolf
When we are tired, we are attacked by ideas we conquered long ago.|Friedrich Nietzsche
Be brave to stand for what you believe in even if you stand alone.|Roy T. Bennett
If I got rid of my demons, Iâ€™d lose my angels.|Tennessee Williams
Don't feel sorry for yourself. Only assholes do that.|Haruki Murakami
How do you spell 'love'? - PigletYou don't spell it...you feel it. - Pooh|A.A. Milne
I wasn't actually in love, but I felt a sort of tender curiosity.|F. Scott Fitzgerald
â€ŽLife is a shipwreck, but we must not forget to sing in the lifeboats.|Voltaire
Happiness [is] only real when shared|Jon Krakauer
That it will never come again is what makes life so sweet.|Emily Dickinson
No woman really wants a man to carry her off; she only wants him to want to do it.|Elizabeth Peters
Every great love starts with a great story...|Nicholas Sparks
Time is an illusion. Lunchtime doubly so.|Douglas Adams
There is no mistaking a real book when one meets it. It is like falling in love.|Christopher Morley
The past has no power over the present moment.|Eckhart Tolle
Every man I meet wants to protect me. I can't figure out what from.|Mae West
You never know what worse luck your bad luck has saved you from.|Cormac McCarthy
Don't waste your time with explanations: people only hear what they want to hear.|Paulo Coelho
I'm not young enough to know everything.|J.M. Barrie
you can, you should, and if youâ€™re brave enough to start, you will.|Stephen King
Biology gives you a brain. Life turns it into a mind.|Jeffrey Eugenides
The heart is an arrow. It demands aim to land true.|Leigh Bardugo
Literature is the most agreeable way of ignoring life.|Fernando Pessoa
Though she be but little, she is fierce!|William Shakespeare
Remember to always be yourself. Unless you suck.|Joss Whedon
When it is dark enough, you can see the stars.|Ralph Waldo Emerson
I regret that it takes a life to learn how to live.|Jonathan Safran Foer
All great and precious things are lonely.|John Steinbeck
I cannot believe in a God who wants to be praised all the time.|Friedrich Nietzsche
I've got nothing to do today but smile.|Simon and Garfunkel
A ship is safe in harbor, but that's not what ships are for.|John A. Shedd
If you don't know, the thing to do is not to get scared, but to learn.|Ayn Rand
She read books as one would breathe air, to fill up and live.|Annie Dillard
Failure is the condiment that gives success its flavor.|Truman Capote
Clothes make the man. Naked people have little or no influence on society.|Mark Twain
It is my belief... that the truth is generally preferable to lies.|J.K. Rowling
I cannot sleep unless I am surrounded by books.|Jorge Luis Borges
Dogs never bite me. Just humans.|Marilyn Monroe
Rivers know this: there is no hurry. We shall get there some day.|A.A. Milne
I'm so glad I live in a world where there are Octobers.|L. M. Montgomery
The most common way people give up their power is by thinking they don't have any.|Alice Walker
All the secrets of the world are contained in books. Read at your own risk.|Lemony Snicket
Better to be strong than pretty and useless.|Lilith Saintcrow
I realize only one person will be damaged beyond repair if Peeta dies. Me.|Suzanne Collins
You can't depend on your eyes when your imagination is out of focus.|Mark Twain
A writer is someone for whom writing is more difficult than it is for other people.|Thomas Mann
People can lose their lives in libraries. They ought to be warned.|Saul Bellow
Children must be taught how to think, not what to think.|Margaret Mead
There is no exquisite beautyâ€¦ without some strangeness in the proportion.|Edgar Allan Poe
Of all the trees we could've hit, we had to get one that hits back.|J.K. Rowling
Everyone is a moon, and has a dark side which he never shows to anybody.|Mark Twain
I think there's just one kind of folks. Folks.|Harper Lee
Maybe everyone can live beyond what they're capable of.|Markus Zusak
Do not fear failure but rather fear not trying.|Roy T. Bennett
Never lose hope. Storms make people stronger and never last forever.|Roy T. Bennett
I shut my eyes and all the world drops dead; I lift my eyes and all is born again.|Sylvia Plath
The capacity for friendship is God's way of apologizing for our families.|Jay McInerney
I'm tough, I'm ambitious, and I know exactly what I want. If that makes me a bitch, okay.|Madonna
You realize that our mistrust of the future makes it hard to give up the past.|Chuck Palahniuk
The clearest way into the Universe is through a forest wilderness.|John Muir
Have no fear of perfection - you'll never reach it.|Salvador Dali
You wanna fly, you got to give up the shit that weighs you down.|Toni Morrison
Even if you are on the right track, youâ€™ll get run over if you just sit there.|Will Rogers
Don't Gain The World & Lose Your Soul, Wisdom Is Better Than Silver Or Gold.|Bob Marley
When people don't express themselves, they die one piece at a time.|Laurie Halse Anderson
A good traveler has no fixed plans and is not intent on arriving.|Lao Tzu
It's amazing how a little tomorrow can make up for a whole lot of yesterday.|John Guare
Great minds are always feared by lesser minds.|Dan Brown
Three may keep a secret, if two of them are dead.|Benjamin Franklin
love the life you live.live the life you love.|Bob Marley
Music expresses that which cannot be said and on which it is impossible to be silent.|Victor Hugo
Knowledge speaks, but wisdom listens|Jimi Hendrix
Every now and then I like to do as I'm told, just to confuse people.|Tamora Pierce
You endure what is unbearable, and you bear it. That is all.|Cassandra Clare
You can cut all the flowers but you cannot keep Spring from coming.|Pablo Neruda
Yesterday is gone. Tomorrow has not yet come. We have only today. Let us begin.|Mother Theresa
Science and religion are not at odds. Science is simply too young to understand.|Dan Brown
My Best Friend is a person who will give me a book I have not read.|Abraham Lincoln
Success is stumbling from failure to failure with no loss of enthusiasm.|Winston S. Churchill
Beauty is only skin deep, but ugly goes clean to the bone.|Dorothy Parker
Ah! There is nothing like staying at home, for real comfort.|Jane Austen
Would it save you a lot of time if I just gave up and went mad now?|Douglas Adams
Don't be so humble - you are not that great.|Golda Meir
A woman without a man is like a fish without a bicycle.|Irina Dunn
My imagination functions much better when I don't have to speak to people.|Patricia Highsmith
Winter is coming.|George R.R. Martin
There are books of which the backs and covers are by far the best parts.|Charles Dickens
A truth that's told with bad intentBeats all the lies you can invent.|William Blake
Today was good. Today was fun. Tomorrow is another one.|Dr. Seuss
I am constantly torn between killing myself and killing everyone around me.|David Levithan
The only way to get rid of temptation is to yield to it.|Oscar Wilde
Yes, frosting. The final defense of the dying.|Suzanne Collins
May the forces of evil become confused on the way to your house.|George Carlin
Promise me you'll never forget me because if I thought you would, I'd never leave.|A.A. Milne
The worst part of success is trying to find someone who is happy for you.|Bette Midler
A good book is an event in my life.|Stendhal
being alone never felt right. sometimes it felt good, but it never felt right.|Charles Bukowski
It is easier to forgive an enemy than to forgive a friend.|William Blake
I cannot teach anybody anything. I can only make them think|Socrates
It's like Tolstoy said. Happiness is an allegory, unhappiness a story.|Haruki Murakami
Appear weak when you are strong, and strong when you are weak.|Sun Tzu
A dream you dream alone is only a dream. A dream you dream together is reality.|John Lennon
The library is inhabited by spirits that come out of the pages at night.|Isabel Allende
For whatever we lose (like a you or a me),It's always our self we find in the sea.|e.e. cummings
Love is the absence of judgment.|Dalai Lama XIV
One thing you can't hide - is when you're crippled inside.|John Lennon
Wisdom comes from experience. Experience is often a result of lack of wisdom.|Terry Pratchett
There is greatness in doing something you hate for the sake of someone you love.|Shmuley Boteach
Keep in mind that people change, but the past doesn't.|Becca Fitzpatrick
let me live, love, and say it well in good sentences|Sylvia Plath
I suppose a fire that burns that bright is not meant to last.|Veronica Roth
Always do what is right. It will gratify half of mankind and astound the other.|Mark Twain
You have to know what you stand for, not just what you stand against.|Laurie Halse Anderson
Who in the world am I? Ah, that's the great puzzle.|Lewis Carroll 
There was another life that I might have had, but I am having this one.|Kazuo Ishiguro
But he who dares not grasp the thorn Should never crave the rose.|Anne Bronte
Art enables us to find ourselves and lose ourselves at the same time.|Thomas Merton 
To love oneself is the beginning of a lifelong romance.|Oscar Wilde
Respect was invented to cover the empty place where love should be.|Leo Tolstoy
In a time of destruction, create something.|Maxine Hong Kingston
It is absurd to divide people into good and bad. People are either charming or tedious.|Oscar Wilde
In the beginning there was nothing, which exploded.|Terry Pratchett
It does not matter how slowly you go as long as you do not stop.|Confucius
A girl should be two things: who and what she wants.|Coco Chanel
Compassion is the basis of morality.|Arthur Schopenhauer
Everything has beauty, but not everyone sees it.|Confucious
I am too fond of reading books to care to write them.|Oscar Wilde
A half-read book is a half-finished love affair.|David Mitchell
Tell me and I forget, teach me and I may remember, involve me and I learn.|Benjamin Franklin
You can have it all. Just not all at once.|Oprah Winfrey
When the heart speaks, the mind finds it indecent to object.|Milan Kundera
I like good strong words that mean somethingâ€¦|Louisa May Alcott
A book lying idle on a shelf is wasted ammunition.|Henry Miller
What's the good of living if you don't try a few things?|Charles M. Schulz
The happiness of your life depends upon the quality of your thoughts.|Marcus Aurelius
All alone! Whether you like it or not, alone is something you'll be quite a lot!|Dr. Seuss
Learn to value yourself, which means: fight for your happiness.|Ayn Rand
The ships hung in the sky in much the same way that bricks don't.|Douglas Adams
Never underestimate the power of stupid people in large groups.|George Carlin
Lack of direction, not lack of time, is the problem. We all have twenty-four hour days.|Zig Ziglar
Courage is resistance to fear, mastery of fear - not absence of fear.|Mark Twain
Honestly, if you were any slower, youâ€™d be going backward.|J.K. Rowling
Quotation is a serviceable substitute for wit.|Oscar Wilde
Believe nothing you hear, and only one half that you see.|Edgar Allan Poe
Only the dead have seen the end of war.|Plato
A snowball in the face is surely the perfect beginning to a lasting friendship.|Markus Zusak
I'm oxygen and he's dying to breathe.|Tahereh Mafi
The world is full of magic things, patiently waiting for our senses to grow sharper.|W.B. Yeats
Never interrupt your enemy when he is making a mistake.|Napoleon Bonaparte
God can't give us peace and happiness apart from Himself because there is no such thing.|C.S. Lewis
Go on with what your heart tells you, or you will lose all.|Rick Riordan
Nitwit! Blubber! Oddment! Tweak!|J.K. Rowling
Let our scars fall in love.|Galway Kinnell
If there's a single lesson that life teaches us, it's that wishing doesn't make it so.|Lev Grossman
A lot of you cared, just not enough.|Jay Asher
If you want to know what God thinks of money, just look at the people he gave it to.|Dorothy Parker
I am not afraid of storms, for I am learning how to sail my ship.|Louisa May Alcott
Only those who will risk going too far can possibly find out how far one can go.|T.S. Eliot
Fill your paper with the breathings of your heart.|William Wordsworth
Our mothers always remain the strangest, craziest people we've ever met.|Marguerite Duras
Illegal aliens have always been a problem in the United States. Ask any Indian.|Robert Orben
From there to here, from here to there, funny things are everywhere!|Dr. Seuss
She refused to be bored chiefly because she wasn't boring.|Zelda Fitzgerald
Kindness is a language which the deaf can hear and the blind can see.|Mark Twain
My library is an archive of longings.|Susan Sontag
Older men declare war. But it is youth that must fight and die.|Herbert Hoover
Just because you're paranoid doesn't mean they aren't after you.|Joseph Heller
I am glad you are here with me. Here at the end of all things, Sam.|J.R.R. Tolkien
Happiness is holding someone in your arms and knowing you hold the whole world.|Orhan Pamuk
Behind every exquisite thing that existed, there was something tragic.|Oscar Wilde
Don't compromise yourself - you're all you have.|John Grisham
silence is the language of god, all else is poor translation.|Rumi
If you think you are too small to make a difference, try sleeping with a mosquito.|Dalai Lama XIV
I drink to make other people more interesting.|Hemingway, Ernest
Scared is what you're feeling. Brave is what you're doing.|Emma Donoghue
A house without books is like a room without windows.|Horace Mann
We can know only that we know nothing. And that is the highest degree of human wisdom.|Leo Tolstoy
Don't spend time beating on a wall, hoping to transform it into a door. |Coco Chanel
Talk sense to a fool and he calls you foolish.|Euripides
A word after a word after a word is power.|Margaret Atwood
Give her hell from us, Peeves.|J.K. Rowling
That which can be asserted without evidence, can be dismissed without evidence.|Christopher Hitchens
Try a little harder to be a little better.|Gordon B. Hinckley
Who, being loved, is poor?|Oscar Wilde
Even strength must bow to wisdom sometimes.|Rick Riordan
Time doesnâ€™t heal emotional pain, you need to learn how to let go.|Roy T. Bennett
The mind once enlightened cannot again become dark.|Thomas Paine
Those who know do not speak. Those who speak do not know.|Lao Tsu
I wrote the story myself. It's about a girl who lost her reputation and never missed it.|Mae West
Reading brings us unknown friends|Honore de Balzac
If you want to keep a secret, you must also hide it from yourself.|George Orwell
You're an idiot.I've never claimed to be otherwise.|Cassandra Clare
When people talk, listen completely. Most people never listen.|Ernest Hemingway
This is the way the world endsNot with a bang but a whimper.|T.S. Eliot
My soul will find yours.|Jude Deveraux
May the odds be ever in your favor!|Suzanne Collins
How nice -- to feel nothing, and still get full credit for being alive.|Kurt Vonnegut
I always channel my emotions into my work. That way, I don't hurt anyone but myself.|Suzanne Collins
By the pricking of my thumbs, Something wicked this way comes.|William Shakespeare
Ask not what you can do for your country. Ask whatâ€™s for lunch.|Orson Welles
No one has ever become poor by giving.|Anne Frank
Of all the words of mice and men, the saddest are, It might have been.|Kurt Vonnegut
Time is the longest distance between two places.|Tennessee Williams
Forgive, O Lord, my little jokes on TheeAnd I'll forgive Thy great big one on me.|Robert Frost
Do not be afraid; our fateCannot be taken from us; it is a gift.|Dante Alighieri
I meant what I said and I said what I meant. An elephant's faithful one-hundred percent!|Dr. Seuss
To shine your brightest light is to be who you truly are.|Roy T. Bennett
That's what careless words do. They make people love you a little less.|Arundhati Roy
Animals are my friends...and I don't eat my friends.|George Bernard Shaw
Crying is for plain women. Pretty women go shopping.|Oscar Wilde
What do we live for, if it is not to make life less difficult for each other?|George Eliot
Ah, music, he said, wiping his eyes. A magic beyond all we do here!|J.K. Rowling
Art washes away from the soul the dust of everyday life.|Pablo Picasso
Knowing too much of your future is never a good thing.|Rick Riordan
Be thankful for everything that happens in your life; itâ€™s all an experience.|Roy T. Bennett
They say time heals all wounds, but that presumes the source of the grief is finite|Cassandra Clare
I have the simplest tastes. I am always satisfied with the best.|Oscar Wilde
Sell your cleverness and buy bewilderment.|Rumi
The scar had not pained Harry for nineteen years. All was well.|J.K. Rowling
Ever has it been that love knows not its own depth until the hour of separation.|Kahlil Gibran
Come sleep with me: We won't make Love, Love will make us.|Julio CortÃ¡zar
The heart has its reasons which reason knows not.|Blaise Pascal
The longer and more carefully we look at a funny story, the sadder it becomes.|Nikolai V. Gogol
Courage is found in unlikely places.|J.R.R. Tolkien
If you look the right way, you can see that the whole world is a garden.|Frances Hodgson Burnett
Tears are words that need to be written.|Paulo Coelho
Adults are just obsolete children and the hell with them.|Dr. Seuss
I must learn to be content with being happier than I deserve.|Jane Austen
Tis the privilege of friendship to talk nonsense, and to have her nonsense respected.|Charles Lamb
Always go to other people's funerals, otherwise they won't come to yours.|Yogi Berra
You know how they say you only hurt the ones you love? Well, it works both ways.|Chuck Palahniuk
It's not always necessary to be strong, but to feel strong.|Jon Krakauer
What do you want?Just coffee. Black - like my soul.|Cassandra Clare
If we couldn't laugh we would all go insane.|Robert Frost
Sometimes you have to lose all you have to find out who you truly are.|Roy T. Bennett
We are the music makers, and we are the dreamers of dreams.|Arthur William Edgar O'Shaughnessy
Is it possible for home to be a person and not a place?|Stephanie Perkins
Don't let the bastards grind you down.|Margaret Atwood
A word to the wise ain't necessary, it's the stupid ones who need advice.|Bill Cosby
I don't think of all the misery, but of the beauty that still remains.|Anne Frank
I like flaws. I think they make things interesting.|Sarah Dessen
I must have loved you a lot.|Suzanne Collins
It's not the size of the dog in the fight, it's the size of the fight in the dog.|Mark Twain
One wordFrees us of all the weight and pain of life:That word is love.|Sophocles
Thinking something does not make it true. Wanting something does not make it real.|Michelle Hodkin
You know, Hobbes, some days even my lucky rocket ship underpants don't help.|Bill Watterson
We're staying together, he promised. You're not getting away from me. Never again.|Rick Riordan
True love is usually the most inconvenient kind.|Kiera Cass
When I was your age, television was called books.|William Goldman
There are two means of refuge from the misery of life â€” music and cats.|Albert Schweitzer
When one tugs at a single thing in nature, he finds it attached to the rest of the world.|John Muir
You can make anything by writing.|C.S. Lewis
There are only the pursued, the pursuing, the busy and the tired.|F. Scott Fitzgerald
Trust your heart if the seas catch fire, live by love though the stars walk backward.|E.E. Cummings
Black holes are where God divided by zero.|Albert Einstein
Life is not a matter of holding good cards, but of playing a poor hand well.|Robert Louis Stevenson
Behind every beautiful thing, there's some kind of pain.|Bob Dylan
When I saw you I fell in love, and you smiled because you knew.|Arrigo Boito
Books have to be heavy because the whole world's inside them.|Cornelia Funke
A woman's heart should be so hidden in God that a man has to seek Him just to find her.|Maya Angelou
Some people have a way with words, and other people...oh, uh, not have way.|Steve Martin
It ain't what they call you, it's what you answer to.|W.C. Fields
It's hard to enjoy practical jokes when your whole life feels like one.|Rick Riordan
I've lived through some terrible things in my life, some of which actually happened.|Mark Twain
The best way to find yourself is to lose yourself in the service of others.|Mahatma Gandhi
There is a crack in everything.That's how the light gets in.|Leonard Cohen
Stories can conquer fear, you know. They can make the heart bigger.|Ben Okri
Forbidden to remember, terrified to forget; it was a hard line to walk.|Stephenie Meyer
The emotion that can break your heart is sometimes the very one that heals it...|Nicholas Sparks
Don't give in to your fears. If you do, you won't be able to talk to your heart.|Paulo Coelho
You are not rich until you have a rich heart.|Roy T. Bennett
When we don't know who to hate, we hate ourselves.|Chuck Palahniuk
The more one judges, the less one loves.|HonorÃ© de Balzac
Better a cruel truth than a comfortable delusion.|Edward Abbey
I must be a mermaid, Rango. I have no fear of depths and a great fear of shallow living.|Anais Nin
A smile is a curve that sets everything straight.|Phyllis Diller
Remember me and smile, for it's better to forget than to remember me and cry.|Dr. Seuss
One person's craziness is another person's reality.|Tim Burton
I kept always two books in my pocket, one to read, one to write in.|Robert Louis Stevenson
May it be a light to you in dark places, when all other lights go out.|J.R.R. Tolkien
They always say time changes things, but you actually have to change them yourself.|Andy Warhol
Anxiety is the dizziness of freedom.|SÃ¸ren Kierkegaard 
I always arrive late at the office, but I make up for it by leaving early.|Charles Lamb
If you're too open-minded; your brains will fall out.|Lawrence Ferlinghetti
Kind words can be short and easy to speak, but their echoes are truly endless.|Mother Teresa
My rapier wit hides my inner pain.|Cassandra Clare
I say let the world go to hell, but I should always have my tea.|Fyodor Dostoevsky
Better to die fighting for freedom then be a prisoner all the days of your life.|Bob Marley
I'd rather die my way than live yours.|Lauren Oliver
Try to be a rainbow in someone's cloud.|Maya Angelou
Where words leave off, music begins.|Heinrich Heine
I could die for you. But I couldn't, and wouldn't, live for you.|Ayn Rand
The only thing necessary for the triumph of evil is for good men to do nothing.|Edmund Burke
If you have enough book space, I don't want to talk to you.|Terry Pratchett
Education: the path from cocky ignorance to miserable uncertainty.|Mark Twain
The truth will set you free. But not until it is finished with you.|David Foster Wallace
The only real prison is fear, and the only real freedom is freedom from fear|Aung San Suu Kyi
It's the job that's never started as takes longest to finish.|J.R.R. Tolkien
I am not proud, but I am happy; and happiness blinds, I think, more than pride.|Alexandre Dumas
There's nowhere you can be that isn't where you're meant to be...|John Lennon
Everything must be made as simple as possible. But not simpler.|Albert Einstein
Freeing yourself was one thing, claiming ownership of that freed self was another.|Toni Morrison
Between two evils, I always pick the one I never tried before.|Mae West
Curiouser and curiouser!|Lewis Carroll
Your silence will not protect you.|Audre Lorde
The past is always tense, the future perfect.|Zadie Smith
Atticus, he was real nice.Most people are, Scout, when you finally see them.|Harper Lee
The Very first moment I beheld him, my heart was irrevocably gone.|Jane Austen
The last enemy that shall be destroyed is death.|J.K. Rowling
To err is human, to forgive, divine.|Alexander Pope
I'd rather be hated for who I am, than loved for who I am not.|Kurt Cobain
No one ever told me that grief felt so like fear.|C.S. Lewis
All I have seen teaches me to trust the Creator for all I have not seen.|Ralph Waldo Emerson
I don't know who invented high heels, but all women owe him a lot!|Marilyn Monroe
Second star to the right and straight on 'til morning. |J.M. Barrie
When will you learn that there isn't a word for everything?|Nicole Krauss
Evil is always possible. And goodness is eternally difficult.|Anne Rice
Blessed are the hearts that can bend; they shall never be broken.|Albert Camus
Man only likes to count his troubles; he doesn't calculate his happiness.|Fyodor Dostoevsky
I'm killing time while I wait for life to shower me with meaning and happiness.|Bill Watterson
The best way to cheer yourself is to try to cheer someone else up.|Mark Twain
Educating the mind without educating the heart is no education at all.|Aristotle
The price good men pay for indifference to public affairs is to be ruled by evil men.|Plato
Once you have read a book you care about, some part of it is always with you.|Louis L'Amour
Those who can make you believe absurdities, can make you commit atrocities.|Voltaire
Maybe our girlfriends are our soulmates and guys are just people to have fun with.|Candace Bushnell
The earth has its music for those who will listen|Reginald Vincent Holmes
A man who dares to waste one hour of time has not discovered the value of life.|Charles Darwin
All happiness depends on courage and work.|HonorÃ© de Balzac
The supreme art of war is to subdue the enemy without fighting.|Sun Tzu
I have nothing to declare except my genius.|Oscar Wilde
The earth laughs in flowers.|Ralph Waldo Emerson
You only live twice:Once when you are bornAnd once when you look death in the face|Ian Fleming
I don't go out with strangers, I said.Good thing I do. I'll pick you up at five.|Becca Fitzpatrick
We are each our own devil, and we make this world our hell.|Oscar Wilde
Wanting to be someone else is a waste of the person you are.|Marilyn Monroe
The future depends on what you do today.|Mahatma Gandhi
Trees that are slow to grow bear the best fruit.|Moliere
The only truth is music.|Jack Kerouac
If you never did you should. These things are fun and fun is good.|Dr. Seuss
Intelligence plus character-that is the goal of true education.|Martin Luther King Jr
Only a generation of readers will spawn a generation of writers.|Steven Spielberg
You care so much you feel as though you will bleed to death with the pain of it.|J.K. Rowling
Books are no more threatened by Kindle than stairs by elevators.|Stephen Fry
The question is not what you look at, but what you see.|Henry David Thoreau
Don't cry over someone who wouldn't cry over you.|Lauren Conrad
You can only be young once. But you can always be immature.|Pat  Monahan
The things you used to own, now they own you.|Chuck Palahniuk
If you want to get laid, go to college. If you want an education, go to the library.|Frank Zappa
Hope is a waking dream.|Aristotle
The good thing about science is that it's true whether or not you believe in it.|Neil deGrasse Tyson
Those who cannot change their minds cannot change anything.|George Bernard Shaw
Literature is a textually transmitted disease, normally contracted in childhood.|Jane Yolen
If no one cares for you at all, do you even really exist?|Cassandra Clare
Heard melodies are sweet, but those unheard, are sweeter|John Keats
Sometimes love means letting go when you want to hold on tighter.|Melissa Marr
A man's face is his autobiography. A woman's face is her work of fiction.|Oscar Wilde
Always be a poet, even in prose.|Charles Baudelaire
The past is never where you think you left it.|Katherine Anne Porter
Fashion is a form of ugliness so intolerable that we have to alter it every six months.|Oscar Wilde
I don't mind making jokes, but I don't want to look like one.|Marilyn Monroe
I'm happy. Which often looks like crazy.|David Henry Hwang
Most men would rather deny a hard truth than face it.|George R.R. Martin
Men go to far greater lengths to avoid what they fear than to obtain what they desire.|Dan Brown
Life is either a daring adventure or nothing at all.|Helen Keller
Freedom lies in being bold.|Robert Frost
A paranoid is someone who knows a little of what's going on. |William S. Burroughs
If you have the words, there's always a chance that you'll find the way.|Seamus Heaney
With enough courage, you can do without a reputation.|Margaret Mitchell
Name the greatest of all inventors. Accident.|Mark Twain
Keep your face always toward the sunshine - and shadows will fall behind you.|Walt Whitman
All our dreams can come true, if we have the courage to pursue them.|Walt Disney
Nothing takes the taste out of peanut butter quite like unrequited love.|Charles M. Schulz
You can't wait for inspiration. You have to go after it with a club.|Jack London
I decided it is better to scream. Silence is the real crime against humanity.|Nadezhda Mandelstam
Autumn is a second spring when every leaf is a flower.|Albert Camus
Is man merely a mistake of God's? Or God merely a mistake of man?|Friedrich Nietzsche
Shoot for the moon. Even if you miss, you'll land among the stars.|Norman Vincent Peale
I decided as long as I'm going to hell, I might as well do it thoroughly.|Stephenie Meyer
Whenever people agree with me I always feel I must be wrong.|Oscar Wilde
Women want love to be a novel. Men, a short story.|Daphne du Maurier
When I do good, I feel good. When I do bad, I feel bad. That's my religion.|Abraham Lincoln
Never miss a good chance to shut up.|Will Rogers
I hate men who are afraid of women's strength.|AnaÃ¯s Nin
Well-read people are less likely to be evil.|Lemony Snicket
I suffer from girlnextdooritis where the guy is friends with you and that's it.|Taylor Swift
What draws people to be friends is that they see the same truth. They share it.|C. S. Lewis
The course of true love never did run smooth.|William Shakespeare
The best way out is always through.|Robert Frost
Sometimes, the best way to help someone is just to be near them.|Veronica Roth
This is a new year. A new beginning. And things will change.|Taylor Swift
District 12: Where you can starve to death in safety.|Suzanne Collins
Now that she had nothing to lose, she was free.|Paulo Coelho
Luxury is not a necessity to me, but beautiful and good things are.|Anais Nin
All thinking men are atheists.|Ernest Hemingway
The most terrible poverty is loneliness, and the feeling of being unloved.|Mother Teresa
To survive, you must tell stories.|Umberto Eco
He who knows all the answers has not been asked all the questions.|Confucius
The more I read, the more I acquire, the more certain I am that I know nothing.|Voltaire
You get what anybody gets - you get a lifetime.|Neil Gaiman
Feminism is the radical notion that women are human beings.|Cheris Kramarae
All human wisdom is contained in these two words - Wait and Hope|Alexandre Dumas
Oh, we're playing nice now? Shall we have tea first? Brew up a nice pot of kiss-my-ass?|Julie Kagawa
No good deed goes unpunished.|Oscar Wilde
The desire to reach for the stars is ambitious. The desire to reach hearts is wise.|Maya Angelou
The things we love destroy us every time, lad. Remember that.|George R.R. Martin
Man is the cruelest animal.|Friedrich Nietzsche
Sometimes you lose a battle. But mischief always wins the war|John Green
Humor is reason gone mad.|Groucho Marx
It is nothing to die. It is frightful not to live.|Victor Hugo
Maybe this world is another planetâ€™s hell.|Aldous Huxley
Scars have the strange power to remind us that our past is real.|Cormac McCarthy
We learn from failure, not from success!|Bram Stoker
Marriage can wait, education cannot.|Khaled Hosseini
There are much worse games to play.|Suzanne Collins
I never forget a face, but in your case I'll be glad to make an exception.|Groucho Marx
This is where it all begins. Everything starts here, today.|David Nicholls
I know not all that may be coming, but be it what it will, I'll go to it laughing.|Herman Melville
Don't let the muggles get you down.|J.K. Rowling
No great mind has ever existed without a touch of madness.|Aristotle
The mountains are calling and I must go.|John Muir
My religion is very simple. My religion is kindness.|Dalai Lama XIV
Five exclamation marks, the sure sign of an insane mind.|Terry Pratchett
You're something between a dream and a miracle.|Elizabeth Barrett Browning
But if thought corrupts language, language can also corrupt thought.|George Orwell
Instructions for living a life. Pay attention. Be astonished. Tell about it.|Mary Oliver
After a good dinner one can forgive anybody, even one's own relations.|Oscar Wilde
The role of a writer is not to say what we can all say, but what we are unable to say.|Anais Nin
Lovers don't finally meet somewhere. They're in each other all along.|Mawlana Jalal-al-Din Rumi
Fear is a phoenix. You can watch it burn a thousand times and still it will return.|Leigh Bardugo
The way to get started is to quit talking and begin doing. |Walt Disney
Death is so terribly final, while life is full of possibilities.|George R.R. Martin
Freedom (n.): To ask nothing. To expect nothing. To depend on nothing.|Ayn Rand
I know some who are constantly drunk on books as other men are drunk on whiskey.|H.L. Mencken
Literature is a luxury; fiction is a necessity.|G.K. Chesterton
Stars, hide your fires; Let not light see my black and deep desires.|William Shakespeare
Life has no remote....get up and change it yourself!|Mark A. Cooper
Music is ... A higher revelation than all Wisdom & Philosophy|Ludwig van Beethoven
To lose balance sometimes for love is part of living a balancedlife.|Elizabeth Gilbert
We are always the same age inside. |Gertrude Stein
Ask for what you want and be prepared to get it!|Maya Angelou
It is not the length of life, but the depth.|Ralph Waldo Emerson
When I'm good, I'm very good, but when I'm bad, I'm better. |Mae West
Others have seen what is and asked why. I have seen what could be and asked why not. |Pablo Picasso
There is nothing more deceptive than an obvious fact.|Arthur Conan Doyle
Sometimes even to live is an act of courage.|Lucius Annaeus Seneca
I don't suffer from my insanity -- I enjoy every minute of it.|Sherrilyn Kenyon
It was a bright cold day in April, and the clocks were striking thirteen.|George Orwell
It is better to offer no excuse than a bad one.|George Washington
Life doesn't imitate art, it imitates bad television.|Woody Allen
Real generosity towards the future lies in giving all to the present.|Albert Camus
Man, when you lose your laugh you lose your footing.|Ken Kesey
I just want to be wonderful.|Marilyn Monroe
Lord, what fools these mortals be!|William Shakespeare
Sometimes it takes a good fall to really know where you stand|Hayley Williams
The only person you are destined to become is the person you decide to be.|Ralph Waldo Emerson
If you want to be happy, be.|Tolstoy Leo
I love you as certain dark things are loved, secretly, between the shadow and the soul.|Pablo Neruda
The thing I realize is, that it's not what you take, it's what you leave.|Jennifer Niven
Poetry is what gets lost in translation.|Robert Frost
It crosses my mind that Cinna's calm and normal demeanor masks a complete madman.|Suzanne Collins
Happiness is not the absence of problems, it's the ability to deal with them.|Steve Maraboli
When he died, all things soft and beautiful and bright would be buried with him.|Madeline Miller
He is half of my soul, as the poets say.|Madeline Miller
Spring is the time of plans and projects.|Leo Tolstoy
And then I am going to rattle the stars.|Sarah J. Maas
People, generally, suck.|Christopher Moore
Peace cannot be kept by force; it can only be achieved by understanding.|Albert Einstein
Black hair and blue eyes are my favorite combination.|Cassandra Clare
I don't hate you.. I just don't like that you exist|Gena Showalter
Poetry is what happens when nothing else can.|Charles Bukowski
We live as we dream--alone....|Joseph Conrad
No one is useless in this world who lightens the burdens of another.|Charles Dickens
The soul is healed by being with children.|Fyodor Dostoevsky
If we have no peace, it is because we have forgotten that we belong to each other.|Mother Teresa
If you try to fail, and succeed, which have you done?|George Carlin
Listen to them, the children of the night. What music they make!|Bram Stoker
We are all born mad. Some remain so.|Samuel Beckett
A question that sometimes drives me hazy: am I or are the others crazy?|Albert Einstein
The worst thing about new books is that they keep us from reading the old ones.|Joseph Joubert
Dreams are the touchstones of our characters.|Henry David Thoreau
The past beats inside me like a second heart.|John Banville
It is often in the darkest skies that we see the brightest stars.|Richard Evans
My wish is that you may be loved to the point of madness.|AndrÃ© Breton
The difference between sex and love is that sex relieves tension and love causes it.|Woody Allen
sex is the consolation you have when you can't have love|Gabriel GarcÃ­a MÃ¡rquez
I am a part of all that I have met.|Alfred Tennyson
Today is the sort of day where the sun only comes up to humiliate you.|Chuck Palahniuk
Morality is simply the attitude we adopt towards people we personally dislike.|Oscar Wilde
Silence is so freaking loud|Sarah Dessen
